Today's Slate,,,,
Matchday: 19 September 2026,,,,
,,,,
League,Home,Away,Kick-off,Venue
Italy - Serie A,Bologna,Torino,3:00 PM,N/A
Italy - Serie A,Udinese,Cagliari,3:00 PM,N/A
Italy - Serie A,Roma,Inter,6:00 PM,N/A
Italy - Serie A,Venezia,Lazio,8:45 PM,N/A
Spain - LaLiga,Osasuna,Rayo Vallecano,2:00 PM,N/A
Spain - LaLiga,Athletic Club,Deportivo Alavés,4:15 PM,N/A
Spain - LaLiga,Celta Vigo,Racing Santander,6:30 PM,N/A
Spain - LaLiga,Sevilla,Barcelona,9:00 PM,N/A
England - Premier League,Tottenham,Aston Villa,1:30 PM,N/A
England - Premier League,Brighton,Arsenal,4:00 PM,N/A
England - Premier League,Everton,Ipswich,4:00 PM,N/A
England - Premier League,Newcastle,Hull,4:00 PM,N/A
England - Premier League,Nottm Forest,Coventry,6:30 PM,N/A
France - Ligue 1,Paris FC,Strasbourg,5:15 PM,N/A
France - Ligue 1,Angers,Troyes,8:45 PM,N/A
France - Ligue 1,Le Mans,Lorient,8:45 PM,N/A
France - Ligue 1,Lyon,Rennes,8:45 PM,N/A
France - Ligue 1,Toulouse,Le Havre,8:45 PM,N/A
Germany - Bundesliga,M'gladbach,Mainz,3:30 PM,N/A
Germany - Bundesliga,Frankfurt,Freiburg,3:30 PM,N/A
Germany - Bundesliga,Hamburger SV,Köln,3:30 PM,N/A
Germany - Bundesliga,Werder Bremen,Augsburg,3:30 PM,N/A
Germany - Bundesliga,VfB Stuttgart,Dortmund,6:30 PM,N/A
